Model,MAE,sMAPE,WQL
Original Chronos,505.7502883593241,4.374332664278854,274.5934811443753
Ordinal Chronos,159847.52503102622,172.51384673433023,
